layer,q_head,chosen,best_l2
0,0,DENSE(no_dump),nan
0,1,DENSE(no_dump),nan
0,2,DENSE(no_dump),nan
0,3,DENSE(no_dump),nan
0,4,DENSE(no_dump),nan
0,5,DENSE(no_dump),nan
0,6,DENSE(no_dump),nan
0,7,DENSE(no_dump),nan
0,8,DENSE(no_dump),nan
0,9,DENSE(no_dump),nan
0,10,DENSE(no_dump),nan
0,11,DENSE(no_dump),nan
0,12,DENSE(no_dump),nan
0,13,DENSE(no_dump),nan
0,14,DENSE(no_dump),nan
0,15,DENSE(no_dump),nan
0,16,DENSE(no_dump),nan
0,17,DENSE(no_dump),nan
0,18,DENSE(no_dump),nan
0,19,DENSE(no_dump),nan
0,20,DENSE(no_dump),nan
0,21,DENSE(no_dump),nan
0,22,DENSE(no_dump),nan
0,23,DENSE(no_dump),nan
1,0,DENSE(no_dump),nan
1,1,DENSE(no_dump),nan
1,2,DENSE(no_dump),nan
1,3,DENSE(no_dump),nan
1,4,DENSE(no_dump),nan
1,5,DENSE(no_dump),nan
1,6,DENSE(no_dump),nan
1,7,DENSE(no_dump),nan
1,8,DENSE(no_dump),nan
1,9,DENSE(no_dump),nan
1,10,DENSE(no_dump),nan
1,11,DENSE(no_dump),nan
1,12,DENSE(no_dump),nan
1,13,DENSE(no_dump),nan
1,14,DENSE(no_dump),nan
1,15,DENSE(no_dump),nan
1,16,DENSE(no_dump),nan
1,17,DENSE(no_dump),nan
1,18,DENSE(no_dump),nan
1,19,DENSE(no_dump),nan
1,20,DENSE(no_dump),nan
1,21,DENSE(no_dump),nan
1,22,DENSE(no_dump),nan
1,23,DENSE(no_dump),nan
2,0,DENSE(no_dump),nan
2,1,DENSE(no_dump),nan
2,2,DENSE(no_dump),nan
2,3,DENSE(no_dump),nan
2,4,DENSE(no_dump),nan
2,5,DENSE(no_dump),nan
2,6,DENSE(no_dump),nan
2,7,DENSE(no_dump),nan
2,8,DENSE(no_dump),nan
2,9,DENSE(no_dump),nan
2,10,DENSE(no_dump),nan
2,11,DENSE(no_dump),nan
2,12,DENSE(no_dump),nan
2,13,DENSE(no_dump),nan
2,14,DENSE(no_dump),nan
2,15,DENSE(no_dump),nan
2,16,DENSE(no_dump),nan
2,17,DENSE(no_dump),nan
2,18,DENSE(no_dump),nan
2,19,DENSE(no_dump),nan
2,20,DENSE(no_dump),nan
2,21,DENSE(no_dump),nan
2,22,DENSE(no_dump),nan
2,23,DENSE(no_dump),nan
3,0,A_SHAPE@s64w512,0.0389
3,1,A_SHAPE@s64w512,0.0372
3,2,A_SHAPE@s64w512,0.0503
3,3,A_SHAPE@s64w512,0.0549
3,4,A_SHAPE@s64w512,0.0558
3,5,A_SHAPE@s64w512,0.0496
3,6,A_SHAPE@s64w512,0.0332
3,7,A_SHAPE@s64w512,0.0348
3,8,A_SHAPE@s64w512,0.0452
3,9,A_SHAPE@s64w512,0.0378
3,10,A_SHAPE@s64w512,0.0437
3,11,A_SHAPE@s64w512,0.0319
3,12,A_SHAPE@s64w512,0.0320
3,13,A_SHAPE@s64w512,0.0561
3,14,A_SHAPE@s64w512,0.0591
3,15,A_SHAPE@s64w512,0.0390
3,16,A_SHAPE@s64w512,0.0214
3,17,A_SHAPE@s64w512,0.0537
3,18,A_SHAPE@s64w512,0.0336
3,19,A_SHAPE@s64w512,0.0225
3,20,A_SHAPE@s64w512,0.0421
3,21,A_SHAPE@s64w512,0.0077
3,22,A_SHAPE@s64w512,0.0407
3,23,A_SHAPE@s64w512,0.0137
4,0,DENSE(no_dump),nan
4,1,DENSE(no_dump),nan
4,2,DENSE(no_dump),nan
4,3,DENSE(no_dump),nan
4,4,DENSE(no_dump),nan
4,5,DENSE(no_dump),nan
4,6,DENSE(no_dump),nan
4,7,DENSE(no_dump),nan
4,8,DENSE(no_dump),nan
4,9,DENSE(no_dump),nan
4,10,DENSE(no_dump),nan
4,11,DENSE(no_dump),nan
4,12,DENSE(no_dump),nan
4,13,DENSE(no_dump),nan
4,14,DENSE(no_dump),nan
4,15,DENSE(no_dump),nan
4,16,DENSE(no_dump),nan
4,17,DENSE(no_dump),nan
4,18,DENSE(no_dump),nan
4,19,DENSE(no_dump),nan
4,20,DENSE(no_dump),nan
4,21,DENSE(no_dump),nan
4,22,DENSE(no_dump),nan
4,23,DENSE(no_dump),nan
5,0,DENSE(no_dump),nan
5,1,DENSE(no_dump),nan
5,2,DENSE(no_dump),nan
5,3,DENSE(no_dump),nan
5,4,DENSE(no_dump),nan
5,5,DENSE(no_dump),nan
5,6,DENSE(no_dump),nan
5,7,DENSE(no_dump),nan
5,8,DENSE(no_dump),nan
5,9,DENSE(no_dump),nan
5,10,DENSE(no_dump),nan
5,11,DENSE(no_dump),nan
5,12,DENSE(no_dump),nan
5,13,DENSE(no_dump),nan
5,14,DENSE(no_dump),nan
5,15,DENSE(no_dump),nan
5,16,DENSE(no_dump),nan
5,17,DENSE(no_dump),nan
5,18,DENSE(no_dump),nan
5,19,DENSE(no_dump),nan
5,20,DENSE(no_dump),nan
5,21,DENSE(no_dump),nan
5,22,DENSE(no_dump),nan
5,23,DENSE(no_dump),nan
6,0,DENSE(no_dump),nan
6,1,DENSE(no_dump),nan
6,2,DENSE(no_dump),nan
6,3,DENSE(no_dump),nan
6,4,DENSE(no_dump),nan
6,5,DENSE(no_dump),nan
6,6,DENSE(no_dump),nan
6,7,DENSE(no_dump),nan
6,8,DENSE(no_dump),nan
6,9,DENSE(no_dump),nan
6,10,DENSE(no_dump),nan
6,11,DENSE(no_dump),nan
6,12,DENSE(no_dump),nan
6,13,DENSE(no_dump),nan
6,14,DENSE(no_dump),nan
6,15,DENSE(no_dump),nan
6,16,DENSE(no_dump),nan
6,17,DENSE(no_dump),nan
6,18,DENSE(no_dump),nan
6,19,DENSE(no_dump),nan
6,20,DENSE(no_dump),nan
6,21,DENSE(no_dump),nan
6,22,DENSE(no_dump),nan
6,23,DENSE(no_dump),nan
7,0,A_SHAPE@s64w512,0.0272
7,1,A_SHAPE@s64w512,0.0541
7,2,A_SHAPE@s64w512,0.0195
7,3,A_SHAPE@s64w512,0.0206
7,4,A_SHAPE@s64w512,0.0334
7,5,A_SHAPE@s64w512,0.0644
7,6,A_SHAPE@s64w512,0.0399
7,7,A_SHAPE@s64w1024,0.0764
7,8,A_SHAPE@s64w512,0.0770
7,9,A_SHAPE@s64w512,0.0118
7,10,A_SHAPE@s64w512,0.0224
7,11,A_SHAPE@s64w512,0.0127
7,12,A_SHAPE@s64w512,0.0262
7,13,A_SHAPE@s64w512,0.0740
7,14,A_SHAPE@s64w512,0.0188
7,15,A_SHAPE@s64w512,0.0315
7,16,A_SHAPE@s64w512,0.0230
7,17,A_SHAPE@s64w512,0.0226
7,18,A_SHAPE@s64w512,0.0544
7,19,A_SHAPE@s64w512,0.0516
7,20,A_SHAPE@s64w512,0.0584
7,21,A_SHAPE@s64w512,0.0477
7,22,A_SHAPE@s64w512,0.0492
7,23,A_SHAPE@s64w512,0.0641
8,0,DENSE(no_dump),nan
8,1,DENSE(no_dump),nan
8,2,DENSE(no_dump),nan
8,3,DENSE(no_dump),nan
8,4,DENSE(no_dump),nan
8,5,DENSE(no_dump),nan
8,6,DENSE(no_dump),nan
8,7,DENSE(no_dump),nan
8,8,DENSE(no_dump),nan
8,9,DENSE(no_dump),nan
8,10,DENSE(no_dump),nan
8,11,DENSE(no_dump),nan
8,12,DENSE(no_dump),nan
8,13,DENSE(no_dump),nan
8,14,DENSE(no_dump),nan
8,15,DENSE(no_dump),nan
8,16,DENSE(no_dump),nan
8,17,DENSE(no_dump),nan
8,18,DENSE(no_dump),nan
8,19,DENSE(no_dump),nan
8,20,DENSE(no_dump),nan
8,21,DENSE(no_dump),nan
8,22,DENSE(no_dump),nan
8,23,DENSE(no_dump),nan
9,0,DENSE(no_dump),nan
9,1,DENSE(no_dump),nan
9,2,DENSE(no_dump),nan
9,3,DENSE(no_dump),nan
9,4,DENSE(no_dump),nan
9,5,DENSE(no_dump),nan
9,6,DENSE(no_dump),nan
9,7,DENSE(no_dump),nan
9,8,DENSE(no_dump),nan
9,9,DENSE(no_dump),nan
9,10,DENSE(no_dump),nan
9,11,DENSE(no_dump),nan
9,12,DENSE(no_dump),nan
9,13,DENSE(no_dump),nan
9,14,DENSE(no_dump),nan
9,15,DENSE(no_dump),nan
9,16,DENSE(no_dump),nan
9,17,DENSE(no_dump),nan
9,18,DENSE(no_dump),nan
9,19,DENSE(no_dump),nan
9,20,DENSE(no_dump),nan
9,21,DENSE(no_dump),nan
9,22,DENSE(no_dump),nan
9,23,DENSE(no_dump),nan
10,0,DENSE(no_dump),nan
10,1,DENSE(no_dump),nan
10,2,DENSE(no_dump),nan
10,3,DENSE(no_dump),nan
10,4,DENSE(no_dump),nan
10,5,DENSE(no_dump),nan
10,6,DENSE(no_dump),nan
10,7,DENSE(no_dump),nan
10,8,DENSE(no_dump),nan
10,9,DENSE(no_dump),nan
10,10,DENSE(no_dump),nan
10,11,DENSE(no_dump),nan
10,12,DENSE(no_dump),nan
10,13,DENSE(no_dump),nan
10,14,DENSE(no_dump),nan
10,15,DENSE(no_dump),nan
10,16,DENSE(no_dump),nan
10,17,DENSE(no_dump),nan
10,18,DENSE(no_dump),nan
10,19,DENSE(no_dump),nan
10,20,DENSE(no_dump),nan
10,21,DENSE(no_dump),nan
10,22,DENSE(no_dump),nan
10,23,DENSE(no_dump),nan
11,0,A_SHAPE@s64w1024,0.0407
11,1,A_SHAPE@s64w512,0.0761
11,2,A_SHAPE@s64w512,0.0819
11,3,A_SHAPE@s64w512,0.0939
11,4,A_SHAPE@s64w512,0.0872
11,5,A_SHAPE@s64w512,0.0705
11,6,A_SHAPE@s64w1024,0.0921
11,7,A_SHAPE@s64w512,0.0572
11,8,A_SHAPE@s64w512,0.0711
11,9,A_SHAPE@s64w512,0.0752
11,10,A_SHAPE@s64w512,0.0783
11,11,A_SHAPE@s64w512,0.0719
11,12,A_SHAPE@s64w1024,0.0897
11,13,A_SHAPE@s64w512,0.0869
11,14,A_SHAPE@s64w512,0.0512
11,15,A_SHAPE@s64w512,0.0514
11,16,A_SHAPE@s64w512,0.0424
11,17,A_SHAPE@s64w512,0.0367
11,18,A_SHAPE@s64w512,0.0453
11,19,A_SHAPE@s64w512,0.0491
11,20,A_SHAPE@s64w512,0.0390
11,21,A_SHAPE@s64w512,0.0445
11,22,A_SHAPE@s64w512,0.0317
11,23,A_SHAPE@s64w512,0.0451
12,0,DENSE(no_dump),nan
12,1,DENSE(no_dump),nan
12,2,DENSE(no_dump),nan
12,3,DENSE(no_dump),nan
12,4,DENSE(no_dump),nan
12,5,DENSE(no_dump),nan
12,6,DENSE(no_dump),nan
12,7,DENSE(no_dump),nan
12,8,DENSE(no_dump),nan
12,9,DENSE(no_dump),nan
12,10,DENSE(no_dump),nan
12,11,DENSE(no_dump),nan
12,12,DENSE(no_dump),nan
12,13,DENSE(no_dump),nan
12,14,DENSE(no_dump),nan
12,15,DENSE(no_dump),nan
12,16,DENSE(no_dump),nan
12,17,DENSE(no_dump),nan
12,18,DENSE(no_dump),nan
12,19,DENSE(no_dump),nan
12,20,DENSE(no_dump),nan
12,21,DENSE(no_dump),nan
12,22,DENSE(no_dump),nan
12,23,DENSE(no_dump),nan
13,0,DENSE(no_dump),nan
13,1,DENSE(no_dump),nan
13,2,DENSE(no_dump),nan
13,3,DENSE(no_dump),nan
13,4,DENSE(no_dump),nan
13,5,DENSE(no_dump),nan
13,6,DENSE(no_dump),nan
13,7,DENSE(no_dump),nan
13,8,DENSE(no_dump),nan
13,9,DENSE(no_dump),nan
13,10,DENSE(no_dump),nan
13,11,DENSE(no_dump),nan
13,12,DENSE(no_dump),nan
13,13,DENSE(no_dump),nan
13,14,DENSE(no_dump),nan
13,15,DENSE(no_dump),nan
13,16,DENSE(no_dump),nan
13,17,DENSE(no_dump),nan
13,18,DENSE(no_dump),nan
13,19,DENSE(no_dump),nan
13,20,DENSE(no_dump),nan
13,21,DENSE(no_dump),nan
13,22,DENSE(no_dump),nan
13,23,DENSE(no_dump),nan
14,0,DENSE(no_dump),nan
14,1,DENSE(no_dump),nan
14,2,DENSE(no_dump),nan
14,3,DENSE(no_dump),nan
14,4,DENSE(no_dump),nan
14,5,DENSE(no_dump),nan
14,6,DENSE(no_dump),nan
14,7,DENSE(no_dump),nan
14,8,DENSE(no_dump),nan
14,9,DENSE(no_dump),nan
14,10,DENSE(no_dump),nan
14,11,DENSE(no_dump),nan
14,12,DENSE(no_dump),nan
14,13,DENSE(no_dump),nan
14,14,DENSE(no_dump),nan
14,15,DENSE(no_dump),nan
14,16,DENSE(no_dump),nan
14,17,DENSE(no_dump),nan
14,18,DENSE(no_dump),nan
14,19,DENSE(no_dump),nan
14,20,DENSE(no_dump),nan
14,21,DENSE(no_dump),nan
14,22,DENSE(no_dump),nan
14,23,DENSE(no_dump),nan
15,0,A_SHAPE@s64w1024,0.0728
15,1,A_SHAPE@s64w1024,0.0372
15,2,A_SHAPE@s64w512,0.0743
15,3,A_SHAPE@s64w512,0.0787
15,4,A_SHAPE@s64w1024,0.0412
15,5,A_SHAPE@s64w512,0.0545
15,6,A_SHAPE@s64w512,0.0662
15,7,A_SHAPE@s64w512,0.0762
15,8,A_SHAPE@s64w512,0.0604
15,9,A_SHAPE@s64w512,0.0420
15,10,A_SHAPE@s64w512,0.0689
15,11,A_SHAPE@s64w1024,0.0472
15,12,A_SHAPE@s64w512,0.0750
15,13,A_SHAPE@s64w512,0.0583
15,14,A_SHAPE@s64w512,0.0642
15,15,A_SHAPE@s64w512,0.0590
15,16,A_SHAPE@s64w512,0.0811
15,17,A_SHAPE@s64w512,0.0810
15,18,A_SHAPE@s64w512,0.0573
15,19,A_SHAPE@s64w512,0.0345
15,20,A_SHAPE@s64w512,0.0445
15,21,A_SHAPE@s64w512,0.0597
15,22,A_SHAPE@s64w512,0.0379
15,23,A_SHAPE@s64w512,0.0458
16,0,DENSE(no_dump),nan
16,1,DENSE(no_dump),nan
16,2,DENSE(no_dump),nan
16,3,DENSE(no_dump),nan
16,4,DENSE(no_dump),nan
16,5,DENSE(no_dump),nan
16,6,DENSE(no_dump),nan
16,7,DENSE(no_dump),nan
16,8,DENSE(no_dump),nan
16,9,DENSE(no_dump),nan
16,10,DENSE(no_dump),nan
16,11,DENSE(no_dump),nan
16,12,DENSE(no_dump),nan
16,13,DENSE(no_dump),nan
16,14,DENSE(no_dump),nan
16,15,DENSE(no_dump),nan
16,16,DENSE(no_dump),nan
16,17,DENSE(no_dump),nan
16,18,DENSE(no_dump),nan
16,19,DENSE(no_dump),nan
16,20,DENSE(no_dump),nan
16,21,DENSE(no_dump),nan
16,22,DENSE(no_dump),nan
16,23,DENSE(no_dump),nan
17,0,DENSE(no_dump),nan
17,1,DENSE(no_dump),nan
17,2,DENSE(no_dump),nan
17,3,DENSE(no_dump),nan
17,4,DENSE(no_dump),nan
17,5,DENSE(no_dump),nan
17,6,DENSE(no_dump),nan
17,7,DENSE(no_dump),nan
17,8,DENSE(no_dump),nan
17,9,DENSE(no_dump),nan
17,10,DENSE(no_dump),nan
17,11,DENSE(no_dump),nan
17,12,DENSE(no_dump),nan
17,13,DENSE(no_dump),nan
17,14,DENSE(no_dump),nan
17,15,DENSE(no_dump),nan
17,16,DENSE(no_dump),nan
17,17,DENSE(no_dump),nan
17,18,DENSE(no_dump),nan
17,19,DENSE(no_dump),nan
17,20,DENSE(no_dump),nan
17,21,DENSE(no_dump),nan
17,22,DENSE(no_dump),nan
17,23,DENSE(no_dump),nan
18,0,DENSE(no_dump),nan
18,1,DENSE(no_dump),nan
18,2,DENSE(no_dump),nan
18,3,DENSE(no_dump),nan
18,4,DENSE(no_dump),nan
18,5,DENSE(no_dump),nan
18,6,DENSE(no_dump),nan
18,7,DENSE(no_dump),nan
18,8,DENSE(no_dump),nan
18,9,DENSE(no_dump),nan
18,10,DENSE(no_dump),nan
18,11,DENSE(no_dump),nan
18,12,DENSE(no_dump),nan
18,13,DENSE(no_dump),nan
18,14,DENSE(no_dump),nan
18,15,DENSE(no_dump),nan
18,16,DENSE(no_dump),nan
18,17,DENSE(no_dump),nan
18,18,DENSE(no_dump),nan
18,19,DENSE(no_dump),nan
18,20,DENSE(no_dump),nan
18,21,DENSE(no_dump),nan
18,22,DENSE(no_dump),nan
18,23,DENSE(no_dump),nan
19,0,A_SHAPE@s64w1024,0.0498
19,1,A_SHAPE@s64w1024,0.0483
19,2,A_SHAPE@s64w512,0.0987
19,3,A_SHAPE@s64w1024,0.0532
19,4,A_SHAPE@s64w1024,0.0403
19,5,A_SHAPE@s64w1024,0.0440
19,6,A_SHAPE@s64w512,0.0616
19,7,A_SHAPE@s64w512,0.0633
19,8,A_SHAPE@s64w512,0.0939
19,9,A_SHAPE@s64w512,0.0507
19,10,A_SHAPE@s64w512,0.0445
19,11,A_SHAPE@s64w512,0.0667
19,12,A_SHAPE@s64w512,0.0796
19,13,A_SHAPE@s64w1024,0.0417
19,14,A_SHAPE@s64w512,0.0530
19,15,A_SHAPE@s64w1024,0.0442
19,16,A_SHAPE@s64w1024,0.0618
19,17,A_SHAPE@s64w1024,0.0601
19,18,A_SHAPE@s64w512,0.0832
19,19,A_SHAPE@s64w512,0.0624
19,20,A_SHAPE@s64w512,0.0576
19,21,A_SHAPE@s64w512,0.0480
19,22,A_SHAPE@s64w512,0.0458
19,23,A_SHAPE@s64w512,0.0535
20,0,DENSE(no_dump),nan
20,1,DENSE(no_dump),nan
20,2,DENSE(no_dump),nan
20,3,DENSE(no_dump),nan
20,4,DENSE(no_dump),nan
20,5,DENSE(no_dump),nan
20,6,DENSE(no_dump),nan
20,7,DENSE(no_dump),nan
20,8,DENSE(no_dump),nan
20,9,DENSE(no_dump),nan
20,10,DENSE(no_dump),nan
20,11,DENSE(no_dump),nan
20,12,DENSE(no_dump),nan
20,13,DENSE(no_dump),nan
20,14,DENSE(no_dump),nan
20,15,DENSE(no_dump),nan
20,16,DENSE(no_dump),nan
20,17,DENSE(no_dump),nan
20,18,DENSE(no_dump),nan
20,19,DENSE(no_dump),nan
20,20,DENSE(no_dump),nan
20,21,DENSE(no_dump),nan
20,22,DENSE(no_dump),nan
20,23,DENSE(no_dump),nan
21,0,DENSE(no_dump),nan
21,1,DENSE(no_dump),nan
21,2,DENSE(no_dump),nan
21,3,DENSE(no_dump),nan
21,4,DENSE(no_dump),nan
21,5,DENSE(no_dump),nan
21,6,DENSE(no_dump),nan
21,7,DENSE(no_dump),nan
21,8,DENSE(no_dump),nan
21,9,DENSE(no_dump),nan
21,10,DENSE(no_dump),nan
21,11,DENSE(no_dump),nan
21,12,DENSE(no_dump),nan
21,13,DENSE(no_dump),nan
21,14,DENSE(no_dump),nan
21,15,DENSE(no_dump),nan
21,16,DENSE(no_dump),nan
21,17,DENSE(no_dump),nan
21,18,DENSE(no_dump),nan
21,19,DENSE(no_dump),nan
21,20,DENSE(no_dump),nan
21,21,DENSE(no_dump),nan
21,22,DENSE(no_dump),nan
21,23,DENSE(no_dump),nan
22,0,DENSE(no_dump),nan
22,1,DENSE(no_dump),nan
22,2,DENSE(no_dump),nan
22,3,DENSE(no_dump),nan
22,4,DENSE(no_dump),nan
22,5,DENSE(no_dump),nan
22,6,DENSE(no_dump),nan
22,7,DENSE(no_dump),nan
22,8,DENSE(no_dump),nan
22,9,DENSE(no_dump),nan
22,10,DENSE(no_dump),nan
22,11,DENSE(no_dump),nan
22,12,DENSE(no_dump),nan
22,13,DENSE(no_dump),nan
22,14,DENSE(no_dump),nan
22,15,DENSE(no_dump),nan
22,16,DENSE(no_dump),nan
22,17,DENSE(no_dump),nan
22,18,DENSE(no_dump),nan
22,19,DENSE(no_dump),nan
22,20,DENSE(no_dump),nan
22,21,DENSE(no_dump),nan
22,22,DENSE(no_dump),nan
22,23,DENSE(no_dump),nan
23,0,DENSE(best_was BLOCK_SPARSE@0.400),0.1987355649471283
23,1,DENSE(best_was BLOCK_SPARSE@0.400),0.16982880234718323
23,2,DENSE(best_was BLOCK_SPARSE@0.400),0.17702491581439972
23,3,DENSE(best_was A_SHAPE@s128w2048),0.19709651172161102
23,4,DENSE(best_was BLOCK_SPARSE@0.400),0.2055332064628601
23,5,DENSE(best_was BLOCK_SPARSE@0.400),0.13168393075466156
23,6,DENSE(best_was BLOCK_SPARSE@0.400),0.12584109604358673
23,7,DENSE(best_was A_SHAPE@s128w2048),0.1637718230485916
23,8,DENSE(best_was BLOCK_SPARSE@0.400),0.18409289419651031
23,9,DENSE(best_was A_SHAPE@s128w2048),0.1670132279396057
23,10,DENSE(best_was BLOCK_SPARSE@0.400),0.18115122616291046
23,11,DENSE(best_was BLOCK_SPARSE@0.400),0.20107726752758026
23,12,DENSE(best_was A_SHAPE@s128w2048),0.14016790688037872
23,13,DENSE(best_was BLOCK_SPARSE@0.400),0.15654945373535156
23,14,DENSE(best_was BLOCK_SPARSE@0.400),0.16254541277885437
23,15,DENSE(best_was BLOCK_SPARSE@0.400),0.13967488706111908
23,16,DENSE(best_was BLOCK_SPARSE@0.400),0.12292911857366562
23,17,DENSE(best_was BLOCK_SPARSE@0.400),0.17373919486999512
23,18,DENSE(best_was BLOCK_SPARSE@0.400),0.10994091629981995
23,19,DENSE(best_was A_SHAPE@s128w2048),0.13572198152542114
23,20,DENSE(best_was BLOCK_SPARSE@0.400),0.15344975888729095
23,21,DENSE(best_was BLOCK_SPARSE@0.400),0.10580074787139893
23,22,DENSE(best_was A_SHAPE@s128w2048),0.17253021895885468
23,23,DENSE(best_was BLOCK_SPARSE@0.400),0.2004469782114029
24,0,DENSE(no_dump),nan
24,1,DENSE(no_dump),nan
24,2,DENSE(no_dump),nan
24,3,DENSE(no_dump),nan
24,4,DENSE(no_dump),nan
24,5,DENSE(no_dump),nan
24,6,DENSE(no_dump),nan
24,7,DENSE(no_dump),nan
24,8,DENSE(no_dump),nan
24,9,DENSE(no_dump),nan
24,10,DENSE(no_dump),nan
24,11,DENSE(no_dump),nan
24,12,DENSE(no_dump),nan
24,13,DENSE(no_dump),nan
24,14,DENSE(no_dump),nan
24,15,DENSE(no_dump),nan
24,16,DENSE(no_dump),nan
24,17,DENSE(no_dump),nan
24,18,DENSE(no_dump),nan
24,19,DENSE(no_dump),nan
24,20,DENSE(no_dump),nan
24,21,DENSE(no_dump),nan
24,22,DENSE(no_dump),nan
24,23,DENSE(no_dump),nan
25,0,DENSE(no_dump),nan
25,1,DENSE(no_dump),nan
25,2,DENSE(no_dump),nan
25,3,DENSE(no_dump),nan
25,4,DENSE(no_dump),nan
25,5,DENSE(no_dump),nan
25,6,DENSE(no_dump),nan
25,7,DENSE(no_dump),nan
25,8,DENSE(no_dump),nan
25,9,DENSE(no_dump),nan
25,10,DENSE(no_dump),nan
25,11,DENSE(no_dump),nan
25,12,DENSE(no_dump),nan
25,13,DENSE(no_dump),nan
25,14,DENSE(no_dump),nan
25,15,DENSE(no_dump),nan
25,16,DENSE(no_dump),nan
25,17,DENSE(no_dump),nan
25,18,DENSE(no_dump),nan
25,19,DENSE(no_dump),nan
25,20,DENSE(no_dump),nan
25,21,DENSE(no_dump),nan
25,22,DENSE(no_dump),nan
25,23,DENSE(no_dump),nan
26,0,DENSE(no_dump),nan
26,1,DENSE(no_dump),nan
26,2,DENSE(no_dump),nan
26,3,DENSE(no_dump),nan
26,4,DENSE(no_dump),nan
26,5,DENSE(no_dump),nan
26,6,DENSE(no_dump),nan
26,7,DENSE(no_dump),nan
26,8,DENSE(no_dump),nan
26,9,DENSE(no_dump),nan
26,10,DENSE(no_dump),nan
26,11,DENSE(no_dump),nan
26,12,DENSE(no_dump),nan
26,13,DENSE(no_dump),nan
26,14,DENSE(no_dump),nan
26,15,DENSE(no_dump),nan
26,16,DENSE(no_dump),nan
26,17,DENSE(no_dump),nan
26,18,DENSE(no_dump),nan
26,19,DENSE(no_dump),nan
26,20,DENSE(no_dump),nan
26,21,DENSE(no_dump),nan
26,22,DENSE(no_dump),nan
26,23,DENSE(no_dump),nan
27,0,DENSE(best_was BLOCK_SPARSE@0.400),0.1238228902220726
27,1,DENSE(best_was BLOCK_SPARSE@0.400),0.16705894470214844
27,2,DENSE(best_was BLOCK_SPARSE@0.400),0.15151357650756836
27,3,DENSE(best_was BLOCK_SPARSE@0.400),0.17857599258422852
27,4,DENSE(best_was BLOCK_SPARSE@0.400),0.18409056961536407
27,5,DENSE(best_was BLOCK_SPARSE@0.400),0.15259024500846863
27,6,DENSE(best_was A_SHAPE@s128w2048),0.1445067673921585
27,7,DENSE(best_was BLOCK_SPARSE@0.400),0.1890476793050766
27,8,DENSE(best_was BLOCK_SPARSE@0.400),0.15491226315498352
27,9,DENSE(best_was BLOCK_SPARSE@0.400),0.1927632987499237
27,10,DENSE(best_was BLOCK_SPARSE@0.400),0.21612554788589478
27,11,DENSE(best_was BLOCK_SPARSE@0.400),0.18260221183300018
27,12,DENSE(best_was BLOCK_SPARSE@0.400),0.1456007957458496
27,13,DENSE(best_was BLOCK_SPARSE@0.400),0.10325675457715988
27,14,DENSE(best_was BLOCK_SPARSE@0.400),0.11012740433216095
27,15,DENSE(best_was BLOCK_SPARSE@0.400),0.10829731076955795
27,16,DENSE(best_was BLOCK_SPARSE@0.400),0.12162595987319946
27,17,DENSE(best_was BLOCK_SPARSE@0.400),0.11778783798217773
27,18,DENSE(best_was BLOCK_SPARSE@0.400),0.1459423005580902
27,19,DENSE(best_was BLOCK_SPARSE@0.400),0.20901621878147125
27,20,DENSE(best_was BLOCK_SPARSE@0.400),0.16591347754001617
27,21,DENSE(best_was BLOCK_SPARSE@0.400),0.17756180465221405
27,22,DENSE(best_was BLOCK_SPARSE@0.400),0.19612742960453033
27,23,DENSE(best_was BLOCK_SPARSE@0.400),0.17620345950126648
28,0,DENSE(no_dump),nan
28,1,DENSE(no_dump),nan
28,2,DENSE(no_dump),nan
28,3,DENSE(no_dump),nan
28,4,DENSE(no_dump),nan
28,5,DENSE(no_dump),nan
28,6,DENSE(no_dump),nan
28,7,DENSE(no_dump),nan
28,8,DENSE(no_dump),nan
28,9,DENSE(no_dump),nan
28,10,DENSE(no_dump),nan
28,11,DENSE(no_dump),nan
28,12,DENSE(no_dump),nan
28,13,DENSE(no_dump),nan
28,14,DENSE(no_dump),nan
28,15,DENSE(no_dump),nan
28,16,DENSE(no_dump),nan
28,17,DENSE(no_dump),nan
28,18,DENSE(no_dump),nan
28,19,DENSE(no_dump),nan
28,20,DENSE(no_dump),nan
28,21,DENSE(no_dump),nan
28,22,DENSE(no_dump),nan
28,23,DENSE(no_dump),nan
29,0,DENSE(no_dump),nan
29,1,DENSE(no_dump),nan
29,2,DENSE(no_dump),nan
29,3,DENSE(no_dump),nan
29,4,DENSE(no_dump),nan
29,5,DENSE(no_dump),nan
29,6,DENSE(no_dump),nan
29,7,DENSE(no_dump),nan
29,8,DENSE(no_dump),nan
29,9,DENSE(no_dump),nan
29,10,DENSE(no_dump),nan
29,11,DENSE(no_dump),nan
29,12,DENSE(no_dump),nan
29,13,DENSE(no_dump),nan
29,14,DENSE(no_dump),nan
29,15,DENSE(no_dump),nan
29,16,DENSE(no_dump),nan
29,17,DENSE(no_dump),nan
29,18,DENSE(no_dump),nan
29,19,DENSE(no_dump),nan
29,20,DENSE(no_dump),nan
29,21,DENSE(no_dump),nan
29,22,DENSE(no_dump),nan
29,23,DENSE(no_dump),nan
30,0,DENSE(no_dump),nan
30,1,DENSE(no_dump),nan
30,2,DENSE(no_dump),nan
30,3,DENSE(no_dump),nan
30,4,DENSE(no_dump),nan
30,5,DENSE(no_dump),nan
30,6,DENSE(no_dump),nan
30,7,DENSE(no_dump),nan
30,8,DENSE(no_dump),nan
30,9,DENSE(no_dump),nan
30,10,DENSE(no_dump),nan
30,11,DENSE(no_dump),nan
30,12,DENSE(no_dump),nan
30,13,DENSE(no_dump),nan
30,14,DENSE(no_dump),nan
30,15,DENSE(no_dump),nan
30,16,DENSE(no_dump),nan
30,17,DENSE(no_dump),nan
30,18,DENSE(no_dump),nan
30,19,DENSE(no_dump),nan
30,20,DENSE(no_dump),nan
30,21,DENSE(no_dump),nan
30,22,DENSE(no_dump),nan
30,23,DENSE(no_dump),nan
31,0,DENSE(best_was BLOCK_SPARSE@0.400),0.27441754937171936
31,1,DENSE(best_was BLOCK_SPARSE@0.400),0.33000195026397705
31,2,DENSE(best_was BLOCK_SPARSE@0.400),0.2530215084552765
31,3,DENSE(best_was BLOCK_SPARSE@0.400),0.30510562658309937
31,4,DENSE(best_was BLOCK_SPARSE@0.400),0.30827370285987854
31,5,DENSE(best_was BLOCK_SPARSE@0.400),0.27658843994140625
31,6,DENSE(best_was BLOCK_SPARSE@0.400),0.34339645504951477
31,7,DENSE(best_was BLOCK_SPARSE@0.400),0.24385492503643036
31,8,DENSE(best_was BLOCK_SPARSE@0.400),0.28931567072868347
31,9,DENSE(best_was BLOCK_SPARSE@0.400),0.2697928547859192
31,10,DENSE(best_was A_SHAPE@s128w2048),0.31483206152915955
31,11,DENSE(best_was BLOCK_SPARSE@0.400),0.2722164988517761
31,12,DENSE(best_was A_SHAPE@s128w2048),0.2501623034477234
31,13,DENSE(best_was BLOCK_SPARSE@0.400),0.267745703458786
31,14,DENSE(best_was BLOCK_SPARSE@0.400),0.32563069462776184
31,15,DENSE(best_was BLOCK_SPARSE@0.400),0.3172402083873749
31,16,DENSE(best_was A_SHAPE@s128w2048),0.3386521339416504
31,17,DENSE(best_was BLOCK_SPARSE@0.400),0.31016454100608826
31,18,DENSE(best_was BLOCK_SPARSE@0.400),0.19570481777191162
31,19,DENSE(best_was BLOCK_SPARSE@0.400),0.26870039105415344
31,20,DENSE(best_was BLOCK_SPARSE@0.400),0.2340109795331955
31,21,DENSE(best_was BLOCK_SPARSE@0.400),0.23760579526424408
31,22,DENSE(best_was A_SHAPE@s128w2048),0.19454313814640045
31,23,DENSE(best_was BLOCK_SPARSE@0.400),0.24679359793663025
32,0,DENSE(no_dump),nan
32,1,DENSE(no_dump),nan
32,2,DENSE(no_dump),nan
32,3,DENSE(no_dump),nan
32,4,DENSE(no_dump),nan
32,5,DENSE(no_dump),nan
32,6,DENSE(no_dump),nan
32,7,DENSE(no_dump),nan
32,8,DENSE(no_dump),nan
32,9,DENSE(no_dump),nan
32,10,DENSE(no_dump),nan
32,11,DENSE(no_dump),nan
32,12,DENSE(no_dump),nan
32,13,DENSE(no_dump),nan
32,14,DENSE(no_dump),nan
32,15,DENSE(no_dump),nan
32,16,DENSE(no_dump),nan
32,17,DENSE(no_dump),nan
32,18,DENSE(no_dump),nan
32,19,DENSE(no_dump),nan
32,20,DENSE(no_dump),nan
32,21,DENSE(no_dump),nan
32,22,DENSE(no_dump),nan
32,23,DENSE(no_dump),nan
33,0,DENSE(no_dump),nan
33,1,DENSE(no_dump),nan
33,2,DENSE(no_dump),nan
33,3,DENSE(no_dump),nan
33,4,DENSE(no_dump),nan
33,5,DENSE(no_dump),nan
33,6,DENSE(no_dump),nan
33,7,DENSE(no_dump),nan
33,8,DENSE(no_dump),nan
33,9,DENSE(no_dump),nan
33,10,DENSE(no_dump),nan
33,11,DENSE(no_dump),nan
33,12,DENSE(no_dump),nan
33,13,DENSE(no_dump),nan
33,14,DENSE(no_dump),nan
33,15,DENSE(no_dump),nan
33,16,DENSE(no_dump),nan
33,17,DENSE(no_dump),nan
33,18,DENSE(no_dump),nan
33,19,DENSE(no_dump),nan
33,20,DENSE(no_dump),nan
33,21,DENSE(no_dump),nan
33,22,DENSE(no_dump),nan
33,23,DENSE(no_dump),nan
34,0,DENSE(no_dump),nan
34,1,DENSE(no_dump),nan
34,2,DENSE(no_dump),nan
34,3,DENSE(no_dump),nan
34,4,DENSE(no_dump),nan
34,5,DENSE(no_dump),nan
34,6,DENSE(no_dump),nan
34,7,DENSE(no_dump),nan
34,8,DENSE(no_dump),nan
34,9,DENSE(no_dump),nan
34,10,DENSE(no_dump),nan
34,11,DENSE(no_dump),nan
34,12,DENSE(no_dump),nan
34,13,DENSE(no_dump),nan
34,14,DENSE(no_dump),nan
34,15,DENSE(no_dump),nan
34,16,DENSE(no_dump),nan
34,17,DENSE(no_dump),nan
34,18,DENSE(no_dump),nan
34,19,DENSE(no_dump),nan
34,20,DENSE(no_dump),nan
34,21,DENSE(no_dump),nan
34,22,DENSE(no_dump),nan
34,23,DENSE(no_dump),nan
35,0,DENSE(best_was BLOCK_SPARSE@0.400),0.4623437821865082
35,1,DENSE(best_was BLOCK_SPARSE@0.400),0.43843433260917664
35,2,DENSE(best_was BLOCK_SPARSE@0.400),0.4362374246120453
35,3,DENSE(best_was BLOCK_SPARSE@0.400),0.44650930166244507
35,4,DENSE(best_was BLOCK_SPARSE@0.400),0.46012523770332336
35,5,DENSE(best_was BLOCK_SPARSE@0.400),0.4582432210445404
35,6,DENSE(best_was BLOCK_SPARSE@0.400),0.44055232405662537
35,7,DENSE(best_was A_SHAPE@s128w2048),0.3786734938621521
35,8,DENSE(best_was BLOCK_SPARSE@0.400),0.44766777753829956
35,9,DENSE(best_was BLOCK_SPARSE@0.400),0.4037647843360901
35,10,DENSE(best_was BLOCK_SPARSE@0.400),0.4204934537410736
35,11,DENSE(best_was BLOCK_SPARSE@0.400),0.45553138852119446
35,12,DENSE(best_was A_SHAPE@s128w2048),0.3989333510398865
35,13,DENSE(best_was BLOCK_SPARSE@0.400),0.5022193193435669
35,14,DENSE(best_was BLOCK_SPARSE@0.400),0.4104192852973938
35,15,DENSE(best_was A_SHAPE@s128w2048),0.48353061079978943
35,16,DENSE(best_was BLOCK_SPARSE@0.400),0.4735603630542755
35,17,DENSE(best_was BLOCK_SPARSE@0.400),0.4594855308532715
35,18,DENSE(best_was BLOCK_SPARSE@0.400),0.39639440178871155
35,19,DENSE(best_was BLOCK_SPARSE@0.400),0.3334420621395111
35,20,DENSE(best_was BLOCK_SPARSE@0.400),0.39618465304374695
35,21,DENSE(best_was BLOCK_SPARSE@0.400),0.35661590099334717
35,22,DENSE(best_was BLOCK_SPARSE@0.400),0.40789878368377686
35,23,DENSE(best_was BLOCK_SPARSE@0.400),0.3698257505893707
36,0,DENSE(no_dump),nan
36,1,DENSE(no_dump),nan
36,2,DENSE(no_dump),nan
36,3,DENSE(no_dump),nan
36,4,DENSE(no_dump),nan
36,5,DENSE(no_dump),nan
36,6,DENSE(no_dump),nan
36,7,DENSE(no_dump),nan
36,8,DENSE(no_dump),nan
36,9,DENSE(no_dump),nan
36,10,DENSE(no_dump),nan
36,11,DENSE(no_dump),nan
36,12,DENSE(no_dump),nan
36,13,DENSE(no_dump),nan
36,14,DENSE(no_dump),nan
36,15,DENSE(no_dump),nan
36,16,DENSE(no_dump),nan
36,17,DENSE(no_dump),nan
36,18,DENSE(no_dump),nan
36,19,DENSE(no_dump),nan
36,20,DENSE(no_dump),nan
36,21,DENSE(no_dump),nan
36,22,DENSE(no_dump),nan
36,23,DENSE(no_dump),nan
37,0,DENSE(no_dump),nan
37,1,DENSE(no_dump),nan
37,2,DENSE(no_dump),nan
37,3,DENSE(no_dump),nan
37,4,DENSE(no_dump),nan
37,5,DENSE(no_dump),nan
37,6,DENSE(no_dump),nan
37,7,DENSE(no_dump),nan
37,8,DENSE(no_dump),nan
37,9,DENSE(no_dump),nan
37,10,DENSE(no_dump),nan
37,11,DENSE(no_dump),nan
37,12,DENSE(no_dump),nan
37,13,DENSE(no_dump),nan
37,14,DENSE(no_dump),nan
37,15,DENSE(no_dump),nan
37,16,DENSE(no_dump),nan
37,17,DENSE(no_dump),nan
37,18,DENSE(no_dump),nan
37,19,DENSE(no_dump),nan
37,20,DENSE(no_dump),nan
37,21,DENSE(no_dump),nan
37,22,DENSE(no_dump),nan
37,23,DENSE(no_dump),nan
38,0,DENSE(no_dump),nan
38,1,DENSE(no_dump),nan
38,2,DENSE(no_dump),nan
38,3,DENSE(no_dump),nan
38,4,DENSE(no_dump),nan
38,5,DENSE(no_dump),nan
38,6,DENSE(no_dump),nan
38,7,DENSE(no_dump),nan
38,8,DENSE(no_dump),nan
38,9,DENSE(no_dump),nan
38,10,DENSE(no_dump),nan
38,11,DENSE(no_dump),nan
38,12,DENSE(no_dump),nan
38,13,DENSE(no_dump),nan
38,14,DENSE(no_dump),nan
38,15,DENSE(no_dump),nan
38,16,DENSE(no_dump),nan
38,17,DENSE(no_dump),nan
38,18,DENSE(no_dump),nan
38,19,DENSE(no_dump),nan
38,20,DENSE(no_dump),nan
38,21,DENSE(no_dump),nan
38,22,DENSE(no_dump),nan
38,23,DENSE(no_dump),nan
39,0,DENSE(best_was BLOCK_SPARSE@0.400),0.4504835903644562
39,1,DENSE(best_was BLOCK_SPARSE@0.400),0.5391578078269958
39,2,DENSE(best_was BLOCK_SPARSE@0.400),0.5164942741394043
39,3,DENSE(best_was BLOCK_SPARSE@0.400),0.5005024075508118
39,4,DENSE(best_was BLOCK_SPARSE@0.400),0.529450535774231
39,5,DENSE(best_was BLOCK_SPARSE@0.400),0.45055103302001953
39,6,DENSE(best_was A_SHAPE@s128w2048),0.48543697595596313
39,7,DENSE(best_was A_SHAPE@s128w2048),0.5396031141281128
39,8,DENSE(best_was BLOCK_SPARSE@0.400),0.526599109172821
39,9,DENSE(best_was BLOCK_SPARSE@0.400),0.48869654536247253
39,10,DENSE(best_was A_SHAPE@s128w2048),0.47937479615211487
39,11,DENSE(best_was BLOCK_SPARSE@0.400),0.5073951482772827
39,12,DENSE(best_was BLOCK_SPARSE@0.400),0.3463079631328583
39,13,DENSE(best_was BLOCK_SPARSE@0.400),0.36188533902168274
39,14,DENSE(best_was BLOCK_SPARSE@0.400),0.34384143352508545
39,15,DENSE(best_was BLOCK_SPARSE@0.400),0.4018179774284363
39,16,DENSE(best_was A_SHAPE@s128w2048),0.3261026442050934
39,17,DENSE(best_was A_SHAPE@s128w2048),0.3822803497314453
39,18,DENSE(best_was BLOCK_SPARSE@0.400),0.33344414830207825
39,19,DENSE(best_was BLOCK_SPARSE@0.400),0.4471624493598938
39,20,DENSE(best_was BLOCK_SPARSE@0.400),0.47642338275909424
39,21,DENSE(best_was BLOCK_SPARSE@0.400),0.43584322929382324
39,22,DENSE(best_was BLOCK_SPARSE@0.400),0.4077025055885315
39,23,DENSE(best_was BLOCK_SPARSE@0.400),0.46182289719581604
40,0,DENSE(no_dump),nan
40,1,DENSE(no_dump),nan
40,2,DENSE(no_dump),nan
40,3,DENSE(no_dump),nan
40,4,DENSE(no_dump),nan
40,5,DENSE(no_dump),nan
40,6,DENSE(no_dump),nan
40,7,DENSE(no_dump),nan
40,8,DENSE(no_dump),nan
40,9,DENSE(no_dump),nan
40,10,DENSE(no_dump),nan
40,11,DENSE(no_dump),nan
40,12,DENSE(no_dump),nan
40,13,DENSE(no_dump),nan
40,14,DENSE(no_dump),nan
40,15,DENSE(no_dump),nan
40,16,DENSE(no_dump),nan
40,17,DENSE(no_dump),nan
40,18,DENSE(no_dump),nan
40,19,DENSE(no_dump),nan
40,20,DENSE(no_dump),nan
40,21,DENSE(no_dump),nan
40,22,DENSE(no_dump),nan
40,23,DENSE(no_dump),nan
41,0,DENSE(no_dump),nan
41,1,DENSE(no_dump),nan
41,2,DENSE(no_dump),nan
41,3,DENSE(no_dump),nan
41,4,DENSE(no_dump),nan
41,5,DENSE(no_dump),nan
41,6,DENSE(no_dump),nan
41,7,DENSE(no_dump),nan
41,8,DENSE(no_dump),nan
41,9,DENSE(no_dump),nan
41,10,DENSE(no_dump),nan
41,11,DENSE(no_dump),nan
41,12,DENSE(no_dump),nan
41,13,DENSE(no_dump),nan
41,14,DENSE(no_dump),nan
41,15,DENSE(no_dump),nan
41,16,DENSE(no_dump),nan
41,17,DENSE(no_dump),nan
41,18,DENSE(no_dump),nan
41,19,DENSE(no_dump),nan
41,20,DENSE(no_dump),nan
41,21,DENSE(no_dump),nan
41,22,DENSE(no_dump),nan
41,23,DENSE(no_dump),nan
42,0,DENSE(no_dump),nan
42,1,DENSE(no_dump),nan
42,2,DENSE(no_dump),nan
42,3,DENSE(no_dump),nan
42,4,DENSE(no_dump),nan
42,5,DENSE(no_dump),nan
42,6,DENSE(no_dump),nan
42,7,DENSE(no_dump),nan
42,8,DENSE(no_dump),nan
42,9,DENSE(no_dump),nan
42,10,DENSE(no_dump),nan
42,11,DENSE(no_dump),nan
42,12,DENSE(no_dump),nan
42,13,DENSE(no_dump),nan
42,14,DENSE(no_dump),nan
42,15,DENSE(no_dump),nan
42,16,DENSE(no_dump),nan
42,17,DENSE(no_dump),nan
42,18,DENSE(no_dump),nan
42,19,DENSE(no_dump),nan
42,20,DENSE(no_dump),nan
42,21,DENSE(no_dump),nan
42,22,DENSE(no_dump),nan
42,23,DENSE(no_dump),nan
43,0,DENSE(best_was BLOCK_SPARSE@0.400),0.418199360370636
43,1,DENSE(best_was BLOCK_SPARSE@0.400),0.4393729269504547
43,2,DENSE(best_was BLOCK_SPARSE@0.400),0.42387595772743225
43,3,DENSE(best_was BLOCK_SPARSE@0.400),0.44807156920433044
43,4,DENSE(best_was BLOCK_SPARSE@0.400),0.4889105558395386
43,5,DENSE(best_was BLOCK_SPARSE@0.400),0.4243665933609009
43,6,DENSE(best_was BLOCK_SPARSE@0.400),0.39728793501853943
43,7,DENSE(best_was BLOCK_SPARSE@0.400),0.5126039981842041
43,8,DENSE(best_was BLOCK_SPARSE@0.400),0.4661399722099304
43,9,DENSE(best_was BLOCK_SPARSE@0.400),0.4971923828125
43,10,DENSE(best_was BLOCK_SPARSE@0.400),0.5364344716072083
43,11,DENSE(best_was BLOCK_SPARSE@0.400),0.4704369008541107
43,12,DENSE(best_was BLOCK_SPARSE@0.400),0.3674287497997284
43,13,DENSE(best_was A_SHAPE@s128w2048),0.33360326290130615
43,14,DENSE(best_was BLOCK_SPARSE@0.400),0.439502477645874
43,15,DENSE(best_was BLOCK_SPARSE@0.400),0.3196201026439667
43,16,DENSE(best_was BLOCK_SPARSE@0.400),0.3561777174472809
43,17,DENSE(best_was BLOCK_SPARSE@0.400),0.4608564078807831
43,18,DENSE(best_was BLOCK_SPARSE@0.400),0.46245279908180237
43,19,DENSE(best_was BLOCK_SPARSE@0.400),0.5039597153663635
43,20,DENSE(best_was BLOCK_SPARSE@0.400),0.4774542450904846
43,21,DENSE(best_was A_SHAPE@s128w2048),0.471737265586853
43,22,DENSE(best_was A_SHAPE@s128w2048),0.5172786712646484
43,23,DENSE(best_was BLOCK_SPARSE@0.400),0.46050822734832764
44,0,DENSE(no_dump),nan
44,1,DENSE(no_dump),nan
44,2,DENSE(no_dump),nan
44,3,DENSE(no_dump),nan
44,4,DENSE(no_dump),nan
44,5,DENSE(no_dump),nan
44,6,DENSE(no_dump),nan
44,7,DENSE(no_dump),nan
44,8,DENSE(no_dump),nan
44,9,DENSE(no_dump),nan
44,10,DENSE(no_dump),nan
44,11,DENSE(no_dump),nan
44,12,DENSE(no_dump),nan
44,13,DENSE(no_dump),nan
44,14,DENSE(no_dump),nan
44,15,DENSE(no_dump),nan
44,16,DENSE(no_dump),nan
44,17,DENSE(no_dump),nan
44,18,DENSE(no_dump),nan
44,19,DENSE(no_dump),nan
44,20,DENSE(no_dump),nan
44,21,DENSE(no_dump),nan
44,22,DENSE(no_dump),nan
44,23,DENSE(no_dump),nan
45,0,DENSE(no_dump),nan
45,1,DENSE(no_dump),nan
45,2,DENSE(no_dump),nan
45,3,DENSE(no_dump),nan
45,4,DENSE(no_dump),nan
45,5,DENSE(no_dump),nan
45,6,DENSE(no_dump),nan
45,7,DENSE(no_dump),nan
45,8,DENSE(no_dump),nan
45,9,DENSE(no_dump),nan
45,10,DENSE(no_dump),nan
45,11,DENSE(no_dump),nan
45,12,DENSE(no_dump),nan
45,13,DENSE(no_dump),nan
45,14,DENSE(no_dump),nan
45,15,DENSE(no_dump),nan
45,16,DENSE(no_dump),nan
45,17,DENSE(no_dump),nan
45,18,DENSE(no_dump),nan
45,19,DENSE(no_dump),nan
45,20,DENSE(no_dump),nan
45,21,DENSE(no_dump),nan
45,22,DENSE(no_dump),nan
45,23,DENSE(no_dump),nan
46,0,DENSE(no_dump),nan
46,1,DENSE(no_dump),nan
46,2,DENSE(no_dump),nan
46,3,DENSE(no_dump),nan
46,4,DENSE(no_dump),nan
46,5,DENSE(no_dump),nan
46,6,DENSE(no_dump),nan
46,7,DENSE(no_dump),nan
46,8,DENSE(no_dump),nan
46,9,DENSE(no_dump),nan
46,10,DENSE(no_dump),nan
46,11,DENSE(no_dump),nan
46,12,DENSE(no_dump),nan
46,13,DENSE(no_dump),nan
46,14,DENSE(no_dump),nan
46,15,DENSE(no_dump),nan
46,16,DENSE(no_dump),nan
46,17,DENSE(no_dump),nan
46,18,DENSE(no_dump),nan
46,19,DENSE(no_dump),nan
46,20,DENSE(no_dump),nan
46,21,DENSE(no_dump),nan
46,22,DENSE(no_dump),nan
46,23,DENSE(no_dump),nan
47,0,DENSE(best_was BLOCK_SPARSE@0.400),0.4443293511867523
47,1,DENSE(best_was BLOCK_SPARSE@0.400),0.5890571475028992
47,2,DENSE(best_was BLOCK_SPARSE@0.400),0.5388292074203491
47,3,DENSE(best_was BLOCK_SPARSE@0.400),0.5972208380699158
47,4,DENSE(best_was BLOCK_SPARSE@0.400),0.540317177772522
47,5,DENSE(best_was BLOCK_SPARSE@0.400),0.4838962256908417
47,6,DENSE(best_was A_SHAPE@s128w2048),0.24343156814575195
47,7,DENSE(best_was BLOCK_SPARSE@0.400),0.5266076326370239
47,8,DENSE(best_was BLOCK_SPARSE@0.400),0.45771634578704834
47,9,DENSE(best_was BLOCK_SPARSE@0.400),0.41499629616737366
47,10,DENSE(best_was BLOCK_SPARSE@0.400),0.5359225869178772
47,11,DENSE(best_was BLOCK_SPARSE@0.400),0.5165165066719055
47,12,DENSE(best_was BLOCK_SPARSE@0.400),0.4801391363143921
47,13,DENSE(best_was BLOCK_SPARSE@0.400),0.505682647228241
47,14,DENSE(best_was BLOCK_SPARSE@0.400),0.5400861501693726
47,15,DENSE(best_was BLOCK_SPARSE@0.400),0.45699283480644226
47,16,DENSE(best_was A_SHAPE@s128w2048),0.5064420700073242
47,17,DENSE(best_was BLOCK_SPARSE@0.400),0.5148581862449646
47,18,DENSE(best_was BLOCK_SPARSE@0.400),0.44616180658340454
47,19,DENSE(best_was BLOCK_SPARSE@0.400),0.3110962212085724
47,20,DENSE(best_was BLOCK_SPARSE@0.400),0.43185409903526306
47,21,DENSE(best_was BLOCK_SPARSE@0.400),0.40748557448387146
47,22,DENSE(best_was BLOCK_SPARSE@0.400),0.35733142495155334
47,23,DENSE(best_was BLOCK_SPARSE@0.400),0.39587903022766113
48,0,DENSE(no_dump),nan
48,1,DENSE(no_dump),nan
48,2,DENSE(no_dump),nan
48,3,DENSE(no_dump),nan
48,4,DENSE(no_dump),nan
48,5,DENSE(no_dump),nan
48,6,DENSE(no_dump),nan
48,7,DENSE(no_dump),nan
48,8,DENSE(no_dump),nan
48,9,DENSE(no_dump),nan
48,10,DENSE(no_dump),nan
48,11,DENSE(no_dump),nan
48,12,DENSE(no_dump),nan
48,13,DENSE(no_dump),nan
48,14,DENSE(no_dump),nan
48,15,DENSE(no_dump),nan
48,16,DENSE(no_dump),nan
48,17,DENSE(no_dump),nan
48,18,DENSE(no_dump),nan
48,19,DENSE(no_dump),nan
48,20,DENSE(no_dump),nan
48,21,DENSE(no_dump),nan
48,22,DENSE(no_dump),nan
48,23,DENSE(no_dump),nan
49,0,DENSE(no_dump),nan
49,1,DENSE(no_dump),nan
49,2,DENSE(no_dump),nan
49,3,DENSE(no_dump),nan
49,4,DENSE(no_dump),nan
49,5,DENSE(no_dump),nan
49,6,DENSE(no_dump),nan
49,7,DENSE(no_dump),nan
49,8,DENSE(no_dump),nan
49,9,DENSE(no_dump),nan
49,10,DENSE(no_dump),nan
49,11,DENSE(no_dump),nan
49,12,DENSE(no_dump),nan
49,13,DENSE(no_dump),nan
49,14,DENSE(no_dump),nan
49,15,DENSE(no_dump),nan
49,16,DENSE(no_dump),nan
49,17,DENSE(no_dump),nan
49,18,DENSE(no_dump),nan
49,19,DENSE(no_dump),nan
49,20,DENSE(no_dump),nan
49,21,DENSE(no_dump),nan
49,22,DENSE(no_dump),nan
49,23,DENSE(no_dump),nan
50,0,DENSE(no_dump),nan
50,1,DENSE(no_dump),nan
50,2,DENSE(no_dump),nan
50,3,DENSE(no_dump),nan
50,4,DENSE(no_dump),nan
50,5,DENSE(no_dump),nan
50,6,DENSE(no_dump),nan
50,7,DENSE(no_dump),nan
50,8,DENSE(no_dump),nan
50,9,DENSE(no_dump),nan
50,10,DENSE(no_dump),nan
50,11,DENSE(no_dump),nan
50,12,DENSE(no_dump),nan
50,13,DENSE(no_dump),nan
50,14,DENSE(no_dump),nan
50,15,DENSE(no_dump),nan
50,16,DENSE(no_dump),nan
50,17,DENSE(no_dump),nan
50,18,DENSE(no_dump),nan
50,19,DENSE(no_dump),nan
50,20,DENSE(no_dump),nan
50,21,DENSE(no_dump),nan
50,22,DENSE(no_dump),nan
50,23,DENSE(no_dump),nan
51,0,DENSE(best_was BLOCK_MS@0.200),0.6251230835914612
51,1,DENSE(best_was BLOCK_SPARSE@0.400),0.5240258574485779
51,2,DENSE(best_was BLOCK_SPARSE@0.400),0.5742737054824829
51,3,DENSE(best_was A_SHAPE@s128w2048),0.6144835948944092
51,4,DENSE(best_was A_SHAPE@s128w2048),0.6230586767196655
51,5,DENSE(best_was BLOCK_MS@0.200),0.6073123216629028
51,6,DENSE(best_was A_SHAPE@s128w2048),0.540540874004364
51,7,DENSE(best_was BLOCK_SPARSE@0.400),0.4941471219062805
51,8,DENSE(best_was BLOCK_SPARSE@0.400),0.47126439213752747
51,9,DENSE(best_was BLOCK_SPARSE@0.400),0.3718695342540741
51,10,DENSE(best_was BLOCK_SPARSE@0.400),0.34902146458625793
51,11,DENSE(best_was BLOCK_SPARSE@0.400),0.482043594121933
51,12,DENSE(best_was A_SHAPE@s128w2048),0.5454469919204712
51,13,DENSE(best_was A_SHAPE@s128w2048),0.6280717849731445
51,14,DENSE(best_was BLOCK_SPARSE@0.400),0.5942941904067993
51,15,DENSE(best_was BLOCK_MS@0.200),0.640024721622467
51,16,DENSE(best_was BLOCK_MS@0.200),0.680444598197937
51,17,DENSE(best_was BLOCK_SPARSE@0.400),0.6237719058990479
51,18,DENSE(best_was BLOCK_SPARSE@0.400),0.38660842180252075
51,19,DENSE(best_was BLOCK_SPARSE@0.400),0.4413493275642395
51,20,DENSE(best_was BLOCK_SPARSE@0.400),0.5189765095710754
51,21,DENSE(best_was BLOCK_SPARSE@0.400),0.4236874282360077
51,22,DENSE(best_was BLOCK_SPARSE@0.400),0.5376108288764954
51,23,DENSE(best_was BLOCK_SPARSE@0.400),0.5427637100219727
52,0,DENSE(no_dump),nan
52,1,DENSE(no_dump),nan
52,2,DENSE(no_dump),nan
52,3,DENSE(no_dump),nan
52,4,DENSE(no_dump),nan
52,5,DENSE(no_dump),nan
52,6,DENSE(no_dump),nan
52,7,DENSE(no_dump),nan
52,8,DENSE(no_dump),nan
52,9,DENSE(no_dump),nan
52,10,DENSE(no_dump),nan
52,11,DENSE(no_dump),nan
52,12,DENSE(no_dump),nan
52,13,DENSE(no_dump),nan
52,14,DENSE(no_dump),nan
52,15,DENSE(no_dump),nan
52,16,DENSE(no_dump),nan
52,17,DENSE(no_dump),nan
52,18,DENSE(no_dump),nan
52,19,DENSE(no_dump),nan
52,20,DENSE(no_dump),nan
52,21,DENSE(no_dump),nan
52,22,DENSE(no_dump),nan
52,23,DENSE(no_dump),nan
53,0,DENSE(no_dump),nan
53,1,DENSE(no_dump),nan
53,2,DENSE(no_dump),nan
53,3,DENSE(no_dump),nan
53,4,DENSE(no_dump),nan
53,5,DENSE(no_dump),nan
53,6,DENSE(no_dump),nan
53,7,DENSE(no_dump),nan
53,8,DENSE(no_dump),nan
53,9,DENSE(no_dump),nan
53,10,DENSE(no_dump),nan
53,11,DENSE(no_dump),nan
53,12,DENSE(no_dump),nan
53,13,DENSE(no_dump),nan
53,14,DENSE(no_dump),nan
53,15,DENSE(no_dump),nan
53,16,DENSE(no_dump),nan
53,17,DENSE(no_dump),nan
53,18,DENSE(no_dump),nan
53,19,DENSE(no_dump),nan
53,20,DENSE(no_dump),nan
53,21,DENSE(no_dump),nan
53,22,DENSE(no_dump),nan
53,23,DENSE(no_dump),nan
54,0,DENSE(no_dump),nan
54,1,DENSE(no_dump),nan
54,2,DENSE(no_dump),nan
54,3,DENSE(no_dump),nan
54,4,DENSE(no_dump),nan
54,5,DENSE(no_dump),nan
54,6,DENSE(no_dump),nan
54,7,DENSE(no_dump),nan
54,8,DENSE(no_dump),nan
54,9,DENSE(no_dump),nan
54,10,DENSE(no_dump),nan
54,11,DENSE(no_dump),nan
54,12,DENSE(no_dump),nan
54,13,DENSE(no_dump),nan
54,14,DENSE(no_dump),nan
54,15,DENSE(no_dump),nan
54,16,DENSE(no_dump),nan
54,17,DENSE(no_dump),nan
54,18,DENSE(no_dump),nan
54,19,DENSE(no_dump),nan
54,20,DENSE(no_dump),nan
54,21,DENSE(no_dump),nan
54,22,DENSE(no_dump),nan
54,23,DENSE(no_dump),nan
55,0,DENSE(best_was BLOCK_SPARSE@0.400),0.7400309443473816
55,1,DENSE(best_was BLOCK_MS@0.200),0.5118882060050964
55,2,DENSE(best_was BLOCK_SPARSE@0.400),0.6860672235488892
55,3,DENSE(best_was BLOCK_SPARSE@0.400),0.6972044706344604
55,4,DENSE(best_was BLOCK_SPARSE@0.400),0.4825446903705597
55,5,DENSE(best_was BLOCK_SPARSE@0.400),0.5268158316612244
55,6,DENSE(best_was BLOCK_SPARSE@0.400),0.6764588356018066
55,7,DENSE(best_was BLOCK_SPARSE@0.400),0.6265809535980225
55,8,DENSE(best_was BLOCK_SPARSE@0.400),0.6970018744468689
55,9,DENSE(best_was BLOCK_SPARSE@0.400),0.6346725225448608
55,10,DENSE(best_was A_SHAPE@s128w2048),0.6995123028755188
55,11,DENSE(best_was BLOCK_SPARSE@0.400),0.6425366997718811
55,12,DENSE(best_was BLOCK_SPARSE@0.400),0.19782888889312744
55,13,DENSE(best_was BLOCK_SPARSE@0.400),0.3232730031013489
55,14,DENSE(best_was BLOCK_SPARSE@0.400),0.23987330496311188
55,15,DENSE(best_was BLOCK_SPARSE@0.400),0.3141128718852997
55,16,DENSE(best_was BLOCK_SPARSE@0.400),0.2894442677497864
55,17,DENSE(best_was BLOCK_SPARSE@0.400),0.2971956431865692
55,18,DENSE(best_was BLOCK_SPARSE@0.400),0.31325995922088623
55,19,DENSE(best_was A_SHAPE@s128w2048),0.3396477997303009
55,20,DENSE(best_was BLOCK_SPARSE@0.400),0.43861329555511475
55,21,DENSE(best_was BLOCK_SPARSE@0.400),0.38797450065612793
55,22,DENSE(best_was BLOCK_SPARSE@0.400),0.4352045953273773
55,23,DENSE(best_was BLOCK_MS@0.200),0.5275956392288208
56,0,DENSE(no_dump),nan
56,1,DENSE(no_dump),nan
56,2,DENSE(no_dump),nan
56,3,DENSE(no_dump),nan
56,4,DENSE(no_dump),nan
56,5,DENSE(no_dump),nan
56,6,DENSE(no_dump),nan
56,7,DENSE(no_dump),nan
56,8,DENSE(no_dump),nan
56,9,DENSE(no_dump),nan
56,10,DENSE(no_dump),nan
56,11,DENSE(no_dump),nan
56,12,DENSE(no_dump),nan
56,13,DENSE(no_dump),nan
56,14,DENSE(no_dump),nan
56,15,DENSE(no_dump),nan
56,16,DENSE(no_dump),nan
56,17,DENSE(no_dump),nan
56,18,DENSE(no_dump),nan
56,19,DENSE(no_dump),nan
56,20,DENSE(no_dump),nan
56,21,DENSE(no_dump),nan
56,22,DENSE(no_dump),nan
56,23,DENSE(no_dump),nan
57,0,DENSE(no_dump),nan
57,1,DENSE(no_dump),nan
57,2,DENSE(no_dump),nan
57,3,DENSE(no_dump),nan
57,4,DENSE(no_dump),nan
57,5,DENSE(no_dump),nan
57,6,DENSE(no_dump),nan
57,7,DENSE(no_dump),nan
57,8,DENSE(no_dump),nan
57,9,DENSE(no_dump),nan
57,10,DENSE(no_dump),nan
57,11,DENSE(no_dump),nan
57,12,DENSE(no_dump),nan
57,13,DENSE(no_dump),nan
57,14,DENSE(no_dump),nan
57,15,DENSE(no_dump),nan
57,16,DENSE(no_dump),nan
57,17,DENSE(no_dump),nan
57,18,DENSE(no_dump),nan
57,19,DENSE(no_dump),nan
57,20,DENSE(no_dump),nan
57,21,DENSE(no_dump),nan
57,22,DENSE(no_dump),nan
57,23,DENSE(no_dump),nan
58,0,DENSE(no_dump),nan
58,1,DENSE(no_dump),nan
58,2,DENSE(no_dump),nan
58,3,DENSE(no_dump),nan
58,4,DENSE(no_dump),nan
58,5,DENSE(no_dump),nan
58,6,DENSE(no_dump),nan
58,7,DENSE(no_dump),nan
58,8,DENSE(no_dump),nan
58,9,DENSE(no_dump),nan
58,10,DENSE(no_dump),nan
58,11,DENSE(no_dump),nan
58,12,DENSE(no_dump),nan
58,13,DENSE(no_dump),nan
58,14,DENSE(no_dump),nan
58,15,DENSE(no_dump),nan
58,16,DENSE(no_dump),nan
58,17,DENSE(no_dump),nan
58,18,DENSE(no_dump),nan
58,19,DENSE(no_dump),nan
58,20,DENSE(no_dump),nan
58,21,DENSE(no_dump),nan
58,22,DENSE(no_dump),nan
58,23,DENSE(no_dump),nan
59,0,DENSE(best_was BLOCK_SPARSE@0.400),0.2603498101234436
59,1,DENSE(best_was BLOCK_MS@0.200),0.4094734787940979
59,2,DENSE(best_was BLOCK_SPARSE@0.400),0.17755621671676636
59,3,DENSE(best_was BLOCK_MS@0.200),0.4221650958061218
59,4,DENSE(best_was BLOCK_SPARSE@0.400),0.2935556173324585
59,5,DENSE(best_was BLOCK_SPARSE@0.400),0.357646644115448
59,6,A_SHAPE@s64w512,0.0605
59,7,A_SHAPE@s64w512,0.0888
59,8,A_SHAPE@s64w512,0.0580
59,9,A_SHAPE@s64w512,0.0770
59,10,A_SHAPE@s64w512,0.0673
59,11,A_SHAPE@s64w512,0.0717
59,12,DENSE(best_was BLOCK_SPARSE@0.400),0.22796830534934998
59,13,DENSE(best_was BLOCK_SPARSE@0.400),0.17279236018657684
59,14,DENSE(best_was BLOCK_MS@0.200),0.3411378562450409
59,15,DENSE(best_was BLOCK_SPARSE@0.400),0.22276924550533295
59,16,DENSE(best_was BLOCK_SPARSE@0.400),0.25262850522994995
59,17,DENSE(best_was BLOCK_SPARSE@0.400),0.2694423496723175
59,18,DENSE(best_was BLOCK_SPARSE@0.400),0.12161966413259506
59,19,DENSE(best_was BLOCK_SPARSE@0.400),0.20581692457199097
59,20,DENSE(best_was BLOCK_SPARSE@0.400),0.14275754988193512
59,21,DENSE(best_was BLOCK_SPARSE@0.400),0.3011940121650696
59,22,DENSE(best_was BLOCK_SPARSE@0.400),0.10263992100954056
59,23,DENSE(best_was BLOCK_SPARSE@0.400),0.16920773684978485
60,0,DENSE(no_dump),nan
60,1,DENSE(no_dump),nan
60,2,DENSE(no_dump),nan
60,3,DENSE(no_dump),nan
60,4,DENSE(no_dump),nan
60,5,DENSE(no_dump),nan
60,6,DENSE(no_dump),nan
60,7,DENSE(no_dump),nan
60,8,DENSE(no_dump),nan
60,9,DENSE(no_dump),nan
60,10,DENSE(no_dump),nan
60,11,DENSE(no_dump),nan
60,12,DENSE(no_dump),nan
60,13,DENSE(no_dump),nan
60,14,DENSE(no_dump),nan
60,15,DENSE(no_dump),nan
60,16,DENSE(no_dump),nan
60,17,DENSE(no_dump),nan
60,18,DENSE(no_dump),nan
60,19,DENSE(no_dump),nan
60,20,DENSE(no_dump),nan
60,21,DENSE(no_dump),nan
60,22,DENSE(no_dump),nan
60,23,DENSE(no_dump),nan
61,0,DENSE(no_dump),nan
61,1,DENSE(no_dump),nan
61,2,DENSE(no_dump),nan
61,3,DENSE(no_dump),nan
61,4,DENSE(no_dump),nan
61,5,DENSE(no_dump),nan
61,6,DENSE(no_dump),nan
61,7,DENSE(no_dump),nan
61,8,DENSE(no_dump),nan
61,9,DENSE(no_dump),nan
61,10,DENSE(no_dump),nan
61,11,DENSE(no_dump),nan
61,12,DENSE(no_dump),nan
61,13,DENSE(no_dump),nan
61,14,DENSE(no_dump),nan
61,15,DENSE(no_dump),nan
61,16,DENSE(no_dump),nan
61,17,DENSE(no_dump),nan
61,18,DENSE(no_dump),nan
61,19,DENSE(no_dump),nan
61,20,DENSE(no_dump),nan
61,21,DENSE(no_dump),nan
61,22,DENSE(no_dump),nan
61,23,DENSE(no_dump),nan
62,0,DENSE(no_dump),nan
62,1,DENSE(no_dump),nan
62,2,DENSE(no_dump),nan
62,3,DENSE(no_dump),nan
62,4,DENSE(no_dump),nan
62,5,DENSE(no_dump),nan
62,6,DENSE(no_dump),nan
62,7,DENSE(no_dump),nan
62,8,DENSE(no_dump),nan
62,9,DENSE(no_dump),nan
62,10,DENSE(no_dump),nan
62,11,DENSE(no_dump),nan
62,12,DENSE(no_dump),nan
62,13,DENSE(no_dump),nan
62,14,DENSE(no_dump),nan
62,15,DENSE(no_dump),nan
62,16,DENSE(no_dump),nan
62,17,DENSE(no_dump),nan
62,18,DENSE(no_dump),nan
62,19,DENSE(no_dump),nan
62,20,DENSE(no_dump),nan
62,21,DENSE(no_dump),nan
62,22,DENSE(no_dump),nan
62,23,DENSE(no_dump),nan
63,0,DENSE(best_was BLOCK_SPARSE@0.400),0.10433568060398102
63,1,A_SHAPE@s64w512,0.0797
63,2,A_SHAPE@s64w512,0.0783
63,3,A_SHAPE@s64w512,0.0704
63,4,DENSE(best_was BLOCK_SPARSE@0.400),0.10033707320690155
63,5,A_SHAPE@s64w512,0.0920
63,6,A_SHAPE@s64w512,0.0817
63,7,A_SHAPE@s64w512,0.0596
63,8,A_SHAPE@s64w512,0.0915
63,9,A_SHAPE@s64w512,0.0892
63,10,A_SHAPE@s64w512,0.0119
63,11,A_SHAPE@s64w512,0.0705
63,12,A_SHAPE@s64w1024,0.0986
63,13,DENSE(best_was BLOCK_MS@0.200),0.22509892284870148
63,14,DENSE(best_was BLOCK_SPARSE@0.400),0.17562679946422577
63,15,DENSE(best_was BLOCK_MS@0.200),0.2554238736629486
63,16,DENSE(best_was BLOCK_SPARSE@0.400),0.12252061069011688
63,17,A_SHAPE@s64w512,0.0993
63,18,DENSE(best_was BLOCK_MS@0.200),0.20330992341041565
63,19,A_SHAPE@s128w2048,0.0991
63,20,DENSE(best_was BLOCK_MS@0.200),0.17574816942214966
63,21,DENSE(best_was BLOCK_MS@0.200),0.17153018712997437
63,22,DENSE(best_was BLOCK_MS@0.200),0.1449599713087082
63,23,DENSE(best_was BLOCK_SPARSE@0.400),0.1210295706987381
